category,model,lambda,avg_carbon_kg,AvgPCF@10,NDCG@10,Recall@10,MRR,n_users,pareto_optimal,carbon_reduction_pct,engagement_retention_pct
electronics,BPR,0.0,222.75452002921764,222.75452002921764,0.0077327844647019734,0.014898236092265944,0.005580747058358999,110550,False,0.0,100.0
electronics,BPR,0.025,210.8723334050655,210.8723334050655,0.007732196134651583,0.014898236092265944,0.00558006504275161,110550,False,5.334206741391207,99.99239174383979
electronics,BPR,0.05,199.8722366085934,199.8722366085934,0.0077278820880299325,0.014898236092265944,0.005574372007207828,110550,False,10.27242159558553,99.93660269862146
electronics,BPR,0.075,189.4126288831298,189.4126288831298,0.007729890962389687,0.014907281772953414,0.005574651992562441,110550,False,14.967997570471095,99.9625813660591
electronics,BPR,0.1,179.8463390522841,179.8463390522841,0.00773468679073333,0.014925373134328358,0.005576001665553903,110550,False,19.262541101884484,100.02460078953499
electronics,BPR,0.15,161.97501529787428,161.97501529787428,0.007740286480114135,0.01493441881501583,0.00558067885679826,110550,False,27.28541926932446,100.09701570561556
electronics,BPR,0.2,146.36227975649027,146.36227975649027,0.007747693660375648,0.01493441881501583,0.005590033239286971,110550,False,34.294361462432896,100.19280500758467
electronics,BPR,0.25,133.14335489398468,133.14335489398468,0.0077562045876573135,0.014970601537765717,0.005590898322241605,110550,False,40.22866297998312,100.30286791339196
electronics,BPR,0.3,121.81486457557662,121.81486457557662,0.007767626746417229,0.015015829941203075,0.005592965906398742,110550,False,45.314301788534415,100.45057872586906
electronics,BPR,0.4,102.06727809886931,102.06727809886931,0.0077559132136266196,0.014997738579828132,0.005582225955360283,110550,False,54.17948058450997,100.29909987831967
electronics,BPR,0.5,88.56496214771597,88.56496214771597,0.007764570662956877,0.015024875621890548,0.005586648288140825,110550,False,60.241003353781856,100.41105760027321
electronics,BPR,0.6,75.01721072844869,75.01721072844869,0.007780796183879075,0.015097241067390322,0.005587617468214483,110550,False,66.32292322570648,100.62088526320967
electronics,BPR,0.7,59.73207425581183,59.73207425581183,0.007785470717195157,0.015160560832202623,0.0055778251599147115,110550,True,73.1847981140957,100.68133610517248
electronics,BPR,0.8,43.90698158597918,43.90698158597918,0.007677865601463484,0.014970601537765717,0.005495850473462413,110550,True,80.28907266159175,99.28979187911962
electronics,BPR,0.9,30.435950034644957,30.435950034644957,0.007370890256624775,0.014274084124830394,0.005311300639658848,110550,True,86.33655109191372,95.32000135618487
electronics,BPR,0.91,29.015602689552257,29.015602689552257,0.007297470865315358,0.01414744459520579,0.005254409769335142,110550,True,86.9741800589517,94.37054528839252
electronics,BPR,0.92,27.442569246766173,27.442569246766173,0.007211146646384797,0.014002713704206242,0.005186165133926328,110550,True,87.68035358242487,93.254204605103
electronics,BPR,0.93,25.670474426322944,25.670474426322944,0.007127507605915544,0.01383989145183175,0.005129547069845577,110550,True,88.47589066971307,92.17258852164636
electronics,BPR,0.94,23.550340996653098,23.550340996653098,0.006988210331328548,0.013568521031207599,0.005030030224060075,110550,True,89.42767087574066,90.37120280835188
electronics,BPR,0.95,21.046693214292176,21.046693214292176,0.006833288173943936,0.013206693803708728,0.004938970371806193,110550,True,90.55162013703175,88.36775685570974
electronics,BPR,0.96,18.082521480597023,18.082521480597023,0.006608534747454352,0.012645861601085481,0.004815636823099509,110550,True,91.88230996245318,85.46125626054223
electronics,BPR,0.97,14.363292717955671,14.363292717955671,0.006278170653907036,0.012075983717774762,0.004563197719914138,110550,True,93.55196351747578,81.18900355447836
electronics,BPR,0.98,9.465863929443689,9.465863929443689,0.005335697240315944,0.010637720488466756,0.003739807456225367,110550,True,95.75054013350567,69.00098230685117
electronics,BPR,0.99,5.163108665219356,5.163108665219356,0.004123634545998515,0.008331071913161466,0.002862652825339392,110550,True,97.68215313227218,53.326645334830786
electronics,BPR,1.0,0.11028507281772953,0.11028507281772953,0.0016529617339850295,0.0034283129805517867,0.001117152333570244,110550,True,99.95049030977991,21.376022331028928
electronics,NeuMF,0.0,58.121836197648115,58.121836197648115,0.06184285387551601,0.10618724559023067,0.04819032183957557,110550,False,0.0,100.0
electronics,NeuMF,0.025,57.42132074672093,57.42132074672093,0.06194597682137528,0.10629579375848032,0.04829372617432319,110550,False,1.205253475724724,100.1667499790143
electronics,NeuMF,0.05,56.73866809724106,56.73866809724106,0.062116212479532,0.10628674807779286,0.04851487511935273,110550,False,2.3797735771861666,100.44202132806846
electronics,NeuMF,0.075,56.15077802170966,56.15077802170966,0.06226675808272606,0.10625056535504297,0.04871828447947851,110550,False,3.3912524188597657,100.685453824727
electronics,NeuMF,0.1,55.57793251334238,55.57793251334238,0.06233723541072806,0.10626865671641791,0.04880338207950148,110550,False,4.376846725308156,100.79941578408913
electronics,NeuMF,0.15,54.67729230574401,54.67729230574401,0.06238554867464588,0.1062415196743555,0.04887505833028221,110550,True,5.9264195993234745,100.87753841409432
electronics,NeuMF,0.2,54.1088085694256,54.1088085694256,0.06222157425196113,0.1062415196743555,0.048649573201812006,110550,True,6.90450937333756,100.61239149345768
electronics,NeuMF,0.25,53.72501686748078,53.72501686748078,0.06068556896038179,0.10622342831298055,0.04656023274679991,110550,True,7.564832114414941,98.12866832202839
electronics,NeuMF,0.3,53.44577631705109,53.44577631705109,0.057460228642007394,0.10628674807779286,0.042139263997472955,110550,True,8.045272115450198,92.91328753629249
electronics,NeuMF,0.4,52.900832023066485,52.900832023066485,0.0564463075827787,0.10637720488466756,0.040681656651805904,110550,True,8.982861719693735,91.27377545738743
electronics,NeuMF,0.5,52.29287385165086,52.29287385165086,0.056198862221804494,0.10652193577566711,0.04032282670342372,110550,True,10.02886819710132,90.87365588743309
electronics,NeuMF,0.6,51.532271109000476,51.532271109000476,0.05528238275114589,0.10648575305291723,0.03927389028881566,110550,True,11.33750328575181,89.3917070231336
electronics,NeuMF,0.7,49.19066797829035,49.19066797829035,0.05278602633884042,0.10544549977385799,0.03667682869921676,110550,True,15.366287102469697,85.35509445455712
electronics,NeuMF,0.8,28.217584318860254,28.217584318860254,0.039404649373228795,0.08707372229760289,0.025269852038508758,110550,True,51.45097580382006,63.717385120270706
electronics,NeuMF,0.9,13.013902887924015,13.013902887924015,0.026818184344208035,0.05789235639981909,0.017915063929989303,110550,True,77.60927090522543,43.365049740735735
electronics,NeuMF,0.91,9.171324716508368,9.171324716508368,0.02295699631678239,0.045056535504296696,0.016477611940298505,110550,True,84.22051793869602,37.12150212697609
electronics,NeuMF,0.92,8.283243244323836,8.283243244323836,0.022332622865534283,0.043156942559927636,0.016208305514275663,110550,True,85.74848321006931,36.11188919335418
electronics,NeuMF,0.93,7.718351990592489,7.718351990592489,0.02193614905932038,0.042008141112618726,0.016024071561384995,110550,True,86.72039203244441,35.470790373736364
electronics,NeuMF,0.94,7.240937795658074,7.240937795658074,0.02154842908746191,0.041067390321121666,0.01578791468343707,110550,True,87.54179449693456,34.8438465191741
electronics,NeuMF,0.95,6.805463138037086,6.805463138037086,0.02113847012975156,0.04018091361374943,0.015501306598321522,110550,True,88.29103899110389,34.18094218662897
electronics,NeuMF,0.96,6.275363745906828,6.275363745906828,0.02040877356124156,0.03905020352781547,0.014853090248612635,110550,True,89.20308758903118,33.00102159308907
electronics,NeuMF,0.97,5.135118901040255,5.135118901040255,0.018139307622714762,0.03796472184531886,0.012136026218115771,110550,True,91.16490593384239,29.331291306878438
electronics,NeuMF,0.98,4.137671293622795,4.137671293622795,0.017137530729201475,0.03712347354138399,0.011104872463081419,110550,True,92.88103823913563,27.71141636460981
electronics,NeuMF,0.99,2.5531061448213466,2.5531061448213466,0.014240699056796665,0.031008593396653097,0.009212286331689317,110550,True,95.60732022274847,23.02723461867055
electronics,NeuMF,1.0,0.028239287833559477,0.028239287833559477,0.0052003603568683,0.010058796924468566,0.003713323713323713,110550,True,99.95141363439117,8.408991550319053
electronics,LightGCN,0.0,149.23106201212124,149.23106201212124,0.024838132306900934,0.04147444595205789,0.019661594624281194,110550,False,0.0,100.0
electronics,LightGCN,0.025,136.49936891126188,136.49936891126188,0.024848545865969702,0.04150158299412031,0.019667610719849526,110550,False,8.531530184932432,100.0419256928826
electronics,LightGCN,0.05,126.95954473668024,126.95954473668024,0.024868779733564918,0.04154681139755766,0.019681154113989935,110550,False,14.924183326948384,100.12338861185415
electronics,LightGCN,0.075,119.34793290492988,119.34793290492988,0.024870205161156504,0.04153776571687019,0.01968521031207598,110550,False,20.024737949505525,100.12912747971255
electronics,LightGCN,0.1,113.1605937375848,113.1605937375848,0.02486114176201508,0.04151062867480778,0.019681050016870913,110550,False,24.170884927165247,100.09263762198316
electronics,LightGCN,0.15,102.98966181854361,102.98966181854361,0.024877931620196546,0.04154681139755766,0.01969268735686646,110550,False,30.986444490907452,100.16023472620184
electronics,LightGCN,0.2,95.24311462360926,95.24311462360926,0.02488541616903211,0.041582994120307554,0.019693394499364646,110550,False,36.17741954026088,100.1903680258521
electronics,LightGCN,0.25,89.23197185472637,89.23197185472637,0.024901985457669754,0.04161917684305744,0.01970478774956387,110550,False,40.20549699801873,100.25707710217439
electronics,LightGCN,0.3,83.83015218579828,83.83015218579828,0.024886965216500526,0.04157394843962008,0.01969757633190469,110550,False,43.82526596306793,100.19660459569266
electronics,LightGCN,0.4,74.5966459370421,74.5966459370421,0.02488975360717335,0.041610131162369966,0.019690752586274975,110550,False,50.01265491832859,100.2078308450675
electronics,LightGCN,0.5,65.87140837982813,65.87140837982813,0.024877635136607484,0.041637268204432386,0.019668364526573483,110550,False,55.859452119641325,100.1590410632267
electronics,LightGCN,0.6,57.33402473758481,57.33402473758481,0.024858809594852285,0.041601085481682495,0.01965591953651655,110550,True,61.58036807851178,100.08324815930547
electronics,LightGCN,0.7,48.61739683844415,48.61739683844415,0.024789242886082478,0.04151062867480778,0.019594146870266272,110550,True,67.42139593264088,99.8031678863194
electronics,LightGCN,0.8,40.984765577928556,40.984765577928556,0.024563378857146306,0.04115784712799638,0.01940836222925775,110550,True,72.53603571178795,98.89382403491629
electronics,LightGCN,0.9,31.77214928982362,31.77214928982362,0.023942499785981855,0.04004522840343736,0.0189464258792617,110550,True,78.70942626727206,96.394122916117
electronics,LightGCN,0.91,30.641904346811398,30.641904346811398,0.023778719139755423,0.03979194934418815,0.01880985404866002,110550,True,79.46680541325739,95.73473096102653
electronics,LightGCN,0.92,29.337402969516067,29.337402969516067,0.023535240760067033,0.03941203075531434,0.018606035479169804,110550,True,80.34095410569876,94.7544705425701
electronics,LightGCN,0.93,27.820552405517873,27.820552405517873,0.023299706504894307,0.03898688376300317,0.01843264198488079,110550,True,81.35739836572486,93.8061937065244
electronics,LightGCN,0.94,26.052545043690643,26.052545043690643,0.022966634401896287,0.038534599728629576,0.018139109646572334,110550,True,82.5421432425546,92.46522290049693
electronics,LightGCN,0.95,23.880066665128897,23.880066665128897,0.02247202719439625,0.03769335142469471,0.017748329061761894,110550,True,83.99792486688244,90.47390084218492
electronics,LightGCN,0.96,21.245642671008593,21.245642671008593,0.021673089899216045,0.03657168701944821,0.01705666472830652,110550,True,85.76325706957515,87.2573252747932
electronics,LightGCN,0.97,17.781803471460876,17.781803471460876,0.020378494423128054,0.03476255088195387,0.015935657211776616,110550,True,88.08438187619643,82.04519635909247
electronics,LightGCN,0.98,12.727397190230661,12.727397190230661,0.017853668676512186,0.030791497060153775,0.013869742198100405,110550,True,91.47134851241837,71.88007719707568
electronics,LightGCN,0.99,4.794103957033016,4.794103957033016,0.01046685413990078,0.01879692446856626,0.007946099229681319,110550,True,96.78746241406255,42.14026244232827
electronics,LightGCN,1.0,0.14574987218453192,0.14574987218453192,0.0026900616494412548,0.005364088647670737,0.001883027144221174,110550,True,99.90233275149333,10.830370078566085
home_and_kitchen,BPR,0.0,236.49373469816564,236.49373469816564,0.0034765186541494434,0.006902134082978747,0.002456318865294921,91421,False,0.0,100.0
home_and_kitchen,BPR,0.025,231.05014623678366,231.05014623678366,0.0034758069765420865,0.006902134082978747,0.0024556373852487436,91421,False,2.3017897147802118,99.97952901513968
home_and_kitchen,BPR,0.05,225.88534797436034,225.88534797436034,0.0034693618834663897,0.006891195677142014,0.002449864337723801,91421,False,4.485694615692321,99.79413973014321
home_and_kitchen,BPR,0.075,220.85344811254527,220.85344811254527,0.003460111648392002,0.006869318865468547,0.002443496622897417,91421,False,6.613404200995811,99.5280621969953
home_and_kitchen,BPR,0.1,215.68713057620252,215.68713057620252,0.0034521862915623805,0.006858380459631813,0.0024359742985660443,91421,False,8.79795151804692,99.30009400185381
home_and_kitchen,BPR,0.15,205.25908413176404,205.25908413176404,0.003463906256823536,0.00688025727130528,0.002445267602890031,91421,False,13.2073902956736,99.63721186104226
home_and_kitchen,BPR,0.2,195.6517093467693,195.6517093467693,0.003470157398190367,0.006891195677142014,0.0024499858755664314,91421,False,17.269812836066276,99.81702224000773
home_and_kitchen,BPR,0.25,186.00804376790893,186.00804376790893,0.0034821933463708037,0.00691307248881548,0.0024587062157751605,91421,False,21.347580727536414,100.16322916071763
home_and_kitchen,BPR,0.3,176.06016666708962,176.06016666708962,0.0034715004594066926,0.006891195677142014,0.002450432961201822,91421,False,25.553982691425936,99.85565460042157
home_and_kitchen,BPR,0.4,155.57768080636836,155.57768080636836,0.0034640662729364374,0.006891195677142014,0.002440653505507314,91421,False,34.21488268814797,99.64181462975488
home_and_kitchen,BPR,0.5,133.46313697538858,133.46313697538858,0.003476648701456728,0.006924010894652213,0.0024482626425834223,91421,False,43.56588890368444,100.00374073376908
home_and_kitchen,BPR,0.6,108.79432449583796,108.79432449583796,0.003510765189281485,0.00701151814134608,0.0024685334184792736,91421,False,53.99695275873124,100.98508129939606
home_and_kitchen,BPR,0.7,83.47592093955441,83.47592093955441,0.003483743492206284,0.00697870292383588,0.002443900302160439,91421,True,64.70269242181244,100.20781818754855
home_and_kitchen,BPR,0.8,59.982845641832824,59.982845641832824,0.0034138432336050964,0.0067818116187746795,0.002409474708235387,91421,True,74.6366026489504,98.19717864969485
home_and_kitchen,BPR,0.9,39.670252721508184,39.670252721508184,0.0033255165560929414,0.006617735531223679,0.0023463878866357515,91421,False,83.22566440411671,95.65651408554153
home_and_kitchen,BPR,0.91,37.51322239387013,37.51322239387013,0.0033290574006252663,0.006639612342897146,0.0023455848687469433,91421,False,84.13775213041147,95.75836438132806
home_and_kitchen,BPR,0.92,35.09097888016977,35.09097888016977,0.003294776560686984,0.006563043502040013,0.002322744435606907,91421,True,85.16198370965049,94.77229632449868
home_and_kitchen,BPR,0.93,32.307879046882015,32.307879046882015,0.00328423272016502,0.006508351472856346,0.0023245718438835994,91421,False,86.33880128447537,94.46900899683314
home_and_kitchen,BPR,0.94,29.15034490947376,29.15034490947376,0.0032491838397863387,0.006420844226162479,0.002304513759212351,91421,False,87.67394622666092,93.4608487116338
home_and_kitchen,BPR,0.95,25.651387768783973,25.651387768783973,0.0032269711470004807,0.006409905820325745,0.0022783701011351116,91421,False,89.15345989967872,92.82191375987263
home_and_kitchen,BPR,0.96,22.083808125441642,22.083808125441642,0.0032381249143756475,0.006519289878693079,0.0022625050720346115,91421,True,90.66199019875644,93.14274527222058
home_and_kitchen,BPR,0.97,17.61673163855131,17.61673163855131,0.0031590510286023266,0.0063661521969788125,0.002205065419480051,91421,True,92.55086750562954,90.8682317821537
home_and_kitchen,BPR,0.98,11.908590576300847,11.908590576300847,0.003020502869552401,0.006081753645223745,0.0021097797508578403,91421,True,94.96452174874753,86.88297604694976
home_and_kitchen,BPR,0.99,6.036987545257655,6.036987545257655,0.0028641794143219857,0.005687971035101345,0.0020284492309519384,91421,True,97.4472949344884,82.38642444513874
home_and_kitchen,BPR,1.0,0.13891469942354603,0.13891469942354603,0.001523315627980447,0.0036534275494689403,0.0008984771829194881,91421,True,99.94126072743498,43.81727180328155
home_and_kitchen,NeuMF,0.0,106.71365864430486,106.71365864430486,0.015174673427775415,0.032858971133546994,0.009863915813861668,91421,False,0.0,100.0
home_and_kitchen,NeuMF,0.025,105.64562119995401,105.64562119995401,0.015175915879819736,0.032858971133546994,0.009865547893462705,91421,False,1.0008441823841914,100.00818766908056
home_and_kitchen,NeuMF,0.05,104.62918910174898,104.62918910174898,0.015166770296131933,0.03286990953938373,0.009850646485828774,91421,False,1.9533296571751686,99.94791893426176
home_and_kitchen,NeuMF,0.075,103.61053374904016,103.61053374904016,0.015149256485698948,0.03283709432187353,0.009837902374901532,91421,False,2.907898515229389,99.83250419063421
home_and_kitchen,NeuMF,0.1,102.65271969865788,102.65271969865788,0.015150664425244353,0.03286990953938373,0.009830631807529893,91421,False,3.8054537696835937,99.84178241037388
home_and_kitchen,NeuMF,0.15,100.78699559916211,100.78699559916211,0.01513194728323796,0.03281521751020006,0.009821099768157884,91421,False,5.553799879448742,99.71843779873872
home_and_kitchen,NeuMF,0.2,99.10721500061254,99.10721500061254,0.01512637147916139,0.032793340698526595,0.00982206773026169,91421,False,7.127900720793308,99.68169365328407
home_and_kitchen,NeuMF,0.25,97.59082620427472,97.59082620427472,0.015119119868728484,0.032727710263506196,0.009832897620167503,91421,False,8.54888920118288,99.6339060651859
home_and_kitchen,NeuMF,0.3,96.18414238983384,96.18414238983384,0.015124357465221666,0.03265114142264906,0.00986440196523219,91421,False,9.867074550941716,99.66842144713539
home_and_kitchen,NeuMF,0.4,93.4180787331248,93.4180787331248,0.015276849212277448,0.03265114142264906,0.010074145897151552,91421,False,12.459117305214445,100.67333102744084
home_and_kitchen,NeuMF,0.5,90.43027733683726,90.43027733683726,0.015604903220789538,0.032563634175955196,0.010548755513260386,91421,False,15.25894764956277,102.83518320879735
home_and_kitchen,NeuMF,0.6,87.09378554611088,87.09378554611088,0.015937089095043485,0.03257457258179193,0.010989408324265744,91421,False,18.38553128760248,105.02426408645182
home_and_kitchen,NeuMF,0.7,83.20779799237593,83.20779799237593,0.01590555367479959,0.032585510987628664,0.010966763219801362,91421,False,22.02704035317357,104.81644794863517
home_and_kitchen,NeuMF,0.8,52.752990436890876,52.752990436890876,0.016429331630290422,0.03511228273591407,0.010972640442619986,91421,True,50.56584966997922,108.26810677993575
home_and_kitchen,NeuMF,0.9,38.64007921277386,38.64007921277386,0.015328795430407683,0.032957416786077595,0.010173676708991353,91421,True,63.79087765928075,101.01565284660535
home_and_kitchen,NeuMF,0.91,36.27627206179106,36.27627206179106,0.01512742559775811,0.0326620798284858,0.010009370567666803,91421,True,66.0059710044183,99.68864021857088
home_and_kitchen,NeuMF,0.92,32.522997624079814,32.522997624079814,0.014951818319373996,0.0322682972183634,0.009898211188669617,91421,True,69.52311631214462,98.53140095922257
home_and_kitchen,NeuMF,0.93,28.043886077181394,28.043886077181394,0.014698791224601496,0.031458855186445124,0.009799795920599675,91421,True,73.72043425981997,96.86397071120574
home_and_kitchen,NeuMF,0.94,23.09567129874973,23.09567129874973,0.014613912970411853,0.031283840693057396,0.009741770282018145,91421,True,78.35734282550314,96.3046291570456
home_and_kitchen,NeuMF,0.95,20.154167394734248,20.154167394734248,0.01455180228310135,0.03124008706971046,0.00968868862924933,91421,True,81.11378838400474,95.89532422138342
home_and_kitchen,NeuMF,0.96,18.45196674970741,18.45196674970741,0.01430843932333104,0.03068222837203706,0.009549263020566112,91421,True,82.70889876317425,94.29157992382993
home_and_kitchen,NeuMF,0.97,12.012268827348205,12.012268827348205,0.013406804329047903,0.02793668850701699,0.009150874994335468,91421,False,88.74345704200137,88.34987054488013
home_and_kitchen,NeuMF,0.98,9.615709734404566,9.615709734404566,0.013533194836502458,0.02873519213309852,0.009111904753223488,91421,True,90.98924181162658,89.18277484464062
home_and_kitchen,NeuMF,0.99,6.364324525382572,6.364324525382572,0.012481679561676649,0.02510364139530305,0.008749604784979588,91421,True,94.03607316417107,82.2533652607669
home_and_kitchen,NeuMF,1.0,0.15354521497248994,0.15354521497248994,0.005671365979675535,0.013279224685794292,0.0034149225552185486,91421,True,99.85611474958019,37.373891482203376
home_and_kitchen,LightGCN,0.0,224.85739565722324,224.85739565722324,0.006523639545306205,0.012972949322365758,0.0045866819179296615,91421,False,0.0,100.0
home_and_kitchen,LightGCN,0.025,220.2372964589099,220.2372964589099,0.006521142676394404,0.012962010916529026,0.004586560380087031,91421,False,2.0546796714466553,99.9617258296621
home_and_kitchen,LightGCN,0.05,215.7901946135024,215.7901946135024,0.006516749520214805,0.012951072510692292,0.004583734625245875,91421,False,4.032422868377899,99.89438372485866
home_and_kitchen,LightGCN,0.075,211.51731307260917,211.51731307260917,0.0065363257286905245,0.012994826134039225,0.004596739174407325,91421,False,5.9326857120367675,100.19446481210701
home_and_kitchen,LightGCN,0.1,207.30833297931542,207.30833297931542,0.006552488735396818,0.013038579757386159,0.004605880556428024,91421,False,7.804529900657539,100.44222538492903
home_and_kitchen,LightGCN,0.15,198.57879607457807,198.57879607457807,0.006548966138316091,0.013049518163222891,0.004597720158422841,91421,False,11.686784642255997,100.38822796437472
home_and_kitchen,LightGCN,0.2,189.70877241514538,189.70877241514538,0.006557826939787789,0.013049518163222891,0.004609340044305753,91421,False,15.631517539969675,100.52405400764643
home_and_kitchen,LightGCN,0.25,180.31743614724178,180.31743614724178,0.006566414323279042,0.013071394974896358,0.004614939466341223,91421,False,19.808091870760165,100.65568886318395
home_and_kitchen,LightGCN,0.3,170.90025401940474,170.90025401940474,0.006550540538342466,0.013038579757386159,0.004603497546585021,91421,False,23.996160535485235,100.41236173227283
home_and_kitchen,LightGCN,0.4,150.8828093574014,150.8828093574014,0.006557677765025664,0.013016702945712692,0.004619379938234467,91421,False,32.8984448492813,100.52176732762541
home_and_kitchen,LightGCN,0.5,129.36603046969518,129.36603046969518,0.006568263255242591,0.013027641351549425,0.004630735045245934,91421,False,42.46752254175213,100.68403089451031
home_and_kitchen,LightGCN,0.6,107.15390663636367,107.15390663636367,0.006600088631485982,0.013071394974896358,0.004660433685220113,91421,True,52.345838426541654,101.17187783979853
home_and_kitchen,LightGCN,0.7,86.02938530008426,86.02938530008426,0.006578687516094933,0.012951072510692292,0.004666033107255584,91421,False,61.740468865329625,100.84382299798179
home_and_kitchen,LightGCN,0.8,65.54001808816355,65.54001808816355,0.006540915866083096,0.012830750046488225,0.004649417147913117,91421,True,70.85262955367767,100.26482641563669
home_and_kitchen,LightGCN,0.9,45.584240769199646,45.584240769199646,0.006418660262322698,0.012622920335590291,0.0045492395811250344,91421,True,79.72748877751431,98.3907865807969
home_and_kitchen,LightGCN,0.91,42.92671899671848,42.92671899671848,0.006374498650918367,0.012524474683059691,0.004520643463009002,91421,False,80.90935863094458,97.7138391330167
home_and_kitchen,LightGCN,0.92,40.0328629862395,40.0328629862395,0.006344104132865249,0.012513536277222957,0.0044860919906040825,91421,True,82.19633253812725,97.24792562197689
home_and_kitchen,LightGCN,0.93,36.6483710400783,36.6483710400783,0.0062929047726055665,0.012447905842202558,0.00444301550666609,91421,True,83.70150515487347,96.46309746119168
home_and_kitchen,LightGCN,0.94,32.54469504616008,32.54469504616008,0.006192801720744597,0.012316644972161757,0.004350525208424378,91421,True,85.52651783987936,94.92863113812523
home_and_kitchen,LightGCN,0.95,27.625203457772297,27.625203457772297,0.0061207129850955645,0.012185384102120956,0.0042992622826577825,91421,True,87.71434518440984,93.8235925297168
home_and_kitchen,LightGCN,0.96,23.18520190530623,23.18520190530623,0.005963196767825673,0.011824416709508756,0.004200868717774024,91421,True,89.68893069425647,91.40904745597459
home_and_kitchen,LightGCN,0.97,18.921443761892775,18.921443761892775,0.0057657964392056485,0.011496264534406756,0.004044701271268471,91421,True,91.58513612301327,88.38312416194378
home_and_kitchen,LightGCN,0.98,13.210848406646173,13.210848406646173,0.005453185374404334,0.010807144966692554,0.0038406088490314213,91421,True,94.1247881271448,83.59115086804469
home_and_kitchen,LightGCN,0.99,5.969842934446132,5.969842934446132,0.004905089412600437,0.009483597860447819,0.0035202177333088173,91421,True,97.34505377641807,75.18946101382434
home_and_kitchen,LightGCN,1.0,0.14408046214764658,0.14408046214764658,0.0019347536806331802,0.004572253639754542,0.0011623401799072597,91421,True,99.93592362762784,29.657580974492166
sports_and_outdoors,BPR,0.0,297.28070440315753,297.28070440315753,0.0036321750333713327,0.0066122500632751205,0.002738136668233479,63216,False,0.0,100.0
sports_and_outdoors,BPR,0.025,284.2128150718171,284.2128150718171,0.0036311470459788903,0.006596431283219438,0.002740861013687513,63216,False,4.395808115961138,99.97169774630909
sports_and_outdoors,BPR,0.05,271.3402651909327,271.3402651909327,0.003630755652456285,0.006596431283219438,0.0027404404350114295,63216,False,8.72590747667419,99.96092201223766
sports_and_outdoors,BPR,0.075,258.99692994811437,258.99692994811437,0.0036177746925886876,0.006548974943052392,0.002736542235640565,63216,False,12.877988341659934,99.60353395278754
sports_and_outdoors,BPR,0.1,247.69899717065297,247.69899717065297,0.0036140788800115447,0.006548974943052392,0.0027315141234085807,63216,False,16.678414205203268,99.50178190220664
sports_and_outdoors,BPR,0.15,225.90873016040237,225.90873016040237,0.0036025719746477793,0.006517337382941028,0.0027255946354750454,63216,False,24.008276751781366,99.18497708806515
sports_and_outdoors,BPR,0.2,206.6316887150405,206.6316887150405,0.0036059297681713897,0.00653315616299671,0.002725720181348503,63216,True,30.49273442422394,99.27742289513007
sports_and_outdoors,BPR,0.25,189.9196030131612,189.9196030131612,0.003593535769785227,0.006517337382941028,0.0027138309871320506,63216,False,36.11438610034995,98.93619489063441
sports_and_outdoors,BPR,0.3,175.813603300272,175.813603300272,0.0035888982943350174,0.006469881042773982,0.0027210247656811815,63216,False,40.85939628902311,98.80851724824102
sports_and_outdoors,BPR,0.4,149.52770838774993,149.52770838774993,0.0035741096813681258,0.006422424702606935,0.002715701620646571,63216,False,49.701508986951346,98.40136140274849
sports_and_outdoors,BPR,0.5,129.74664273221975,129.74664273221975,0.0035673641329591428,0.006438243482662617,0.002703347906698324,63216,False,56.35551153825856,98.21564490101036
sports_and_outdoors,BPR,0.6,110.55802680856108,110.55802680856108,0.0035507961801424155,0.006469881042773982,0.0026731980651874348,63216,True,62.810224420543726,97.75950078172905
sports_and_outdoors,BPR,0.7,90.09011900088582,90.09011900088582,0.0034516768361333564,0.006295874462161478,0.0025943803658306313,63216,True,69.69526859075589,95.03057546567517
sports_and_outdoors,BPR,0.8,69.6136904305872,69.6136904305872,0.003309610838661667,0.006106049101493293,0.002466072483156766,63216,True,76.58317899564025,91.11925521908933
sports_and_outdoors,BPR,0.9,49.17940902081752,49.17940902081752,0.003115039462788981,0.00571057960010124,0.00233294363894212,63216,False,83.45691183706198,85.76237197186079
sports_and_outdoors,BPR,0.91,46.90699629334345,46.90699629334345,0.0031023303266666186,0.005726398380156922,0.0023146013868299365,63216,False,84.22131150842186,85.41246768570731
sports_and_outdoors,BPR,0.92,44.30941778679451,44.30941778679451,0.0031076740417154947,0.0057422171602126044,0.002317777697428419,63216,True,85.0950912284222,85.55958931392676
sports_and_outdoors,BPR,0.93,41.21164928040367,41.21164928040367,0.003053519167698185,0.005647304479878512,0.0022740249605283777,63216,True,86.13712606637448,84.06861287364646
sports_and_outdoors,BPR,0.94,37.62881041081371,37.62881041081371,0.002991079834655585,0.0054891166793216905,0.0022406297581886044,63216,True,87.34233004245598,82.34955108645488
sports_and_outdoors,BPR,0.95,33.393604280561874,33.393604280561874,0.002915082080807073,0.005473297899266008,0.002148579523769349,63216,True,88.76697889033689,80.25720275108372
sports_and_outdoors,BPR,0.96,28.712474782966332,28.712474782966332,0.002862860464777093,0.00541002277904328,0.002101794854025302,63216,True,90.34162851550973,78.81945221455442
sports_and_outdoors,BPR,0.97,22.990509836275624,22.990509836275624,0.002771889583762933,0.005299291318653506,0.00201526863803819,63216,True,92.2663968781852,76.31486804175583
sports_and_outdoors,BPR,0.98,15.645474619241963,15.645474619241963,0.0026130716313372366,0.0049829157175398636,0.0019029929634048846,63216,True,94.73713753112467,71.9423377818833
sports_and_outdoors,BPR,0.99,7.455165107567704,7.455165107567704,0.002248615165674913,0.004381802075423943,0.0016103706415494569,63216,True,97.49221358899318,61.90822702692773
sports_and_outdoors,BPR,1.0,0.34500966211085793,0.34500966211085793,0.001350407382650997,0.003116299670969375,0.0008332667940204009,63216,True,99.88394481814636,37.17902827490029
sports_and_outdoors,NeuMF,0.0,186.26590841100352,186.26590841100352,0.010205188604423099,0.021307896735003797,0.006876122380108712,63216,False,0.0,100.0
sports_and_outdoors,NeuMF,0.025,184.29601712082388,184.29601712082388,0.010205319256935083,0.021276259174892433,0.006882098363685303,63216,False,1.0575694215782088,100.00128025573117
sports_and_outdoors,NeuMF,0.05,182.43756132624648,182.43756132624648,0.010171403607700167,0.021292077954948113,0.006835545953807153,63216,False,2.055312814575619,99.66894294625492
sports_and_outdoors,NeuMF,0.075,180.841185671349,180.841185671349,0.010150634576379379,0.021276259174892433,0.006814950153266403,63216,False,2.912354056591316,99.4654285172145
sports_and_outdoors,NeuMF,0.1,179.36744312041256,179.36744312041256,0.01015539213395622,0.021276259174892433,0.006823518659129897,63216,False,3.7035576447887664,99.51204752408695
sports_and_outdoors,NeuMF,0.15,175.72747708966088,175.72747708966088,0.01015538791121902,0.021323715515059478,0.006809576789882409,63216,True,5.6577349077154535,99.51200614575126
sports_and_outdoors,NeuMF,0.2,171.29340442134907,171.29340442134907,0.010113608004391822,0.021339534295115162,0.006753884640416531,63216,False,8.038241735904242,99.10260747173663
sports_and_outdoors,NeuMF,0.25,165.9313603644647,165.9313603644647,0.01007081666442451,0.021228802834725388,0.00673348343597964,63216,True,10.91694568265804,98.68329782812293
sports_and_outdoors,NeuMF,0.3,158.3572864904455,158.3572864904455,0.009983992673978374,0.021007339913945836,0.006685851331589753,63216,True,14.983215210255487,97.83251501742109
sports_and_outdoors,NeuMF,0.4,104.61566336180718,104.61566336180718,0.009744716545497151,0.020390407491774235,0.0065600669209723884,63216,True,43.83531358246817,95.48786331370327
sports_and_outdoors,NeuMF,0.5,90.41707491805874,90.41707491805874,0.00956122778843335,0.020010756770437864,0.006449360569757305,63216,True,51.45806568180492,93.68986854676409
sports_and_outdoors,NeuMF,0.6,61.231271411035195,61.231271411035195,0.009119417684678383,0.018666160465704885,0.006255404749852358,63216,True,67.1269574054712,89.36059918310451
sports_and_outdoors,NeuMF,0.7,53.264105176221214,53.264105176221214,0.008923901152987057,0.018144140723867375,0.006156192123352336,63216,True,71.40426520848263,87.44474501058501
sports_and_outdoors,NeuMF,0.8,45.76139285244243,45.76139285244243,0.008717159935223146,0.017748671222475323,0.006010609128490678,63216,True,75.4322230821391,85.41890084662407
sports_and_outdoors,NeuMF,0.9,31.15181053151101,31.15181053151101,0.008217331942679946,0.01691027587952417,0.005614223142222383,63216,True,83.27562418841926,80.52111784703732
sports_and_outdoors,NeuMF,0.91,29.97430654027462,29.97430654027462,0.00813910212650003,0.016783725639078713,0.005550765980483141,63216,True,83.90778710072105,79.75454880836212
sports_and_outdoors,NeuMF,0.92,28.676810326499616,28.676810326499616,0.008044272801865275,0.016704631738800303,0.005452714653312603,63216,True,84.60436986503025,78.8253222324451
sports_and_outdoors,NeuMF,0.93,25.99747301933055,25.99747301933055,0.007944572745861859,0.016562262718299164,0.005370281232800214,63216,False,86.04281736732734,77.84836766680185
sports_and_outdoors,NeuMF,0.94,22.856802267147547,22.856802267147547,0.007907134450832944,0.01660971905846621,0.005318135754259519,63216,True,87.7289395240738,77.48151217318865
sports_and_outdoors,NeuMF,0.95,21.235299087098202,21.235299087098202,0.007789544475854599,0.016641356618577574,0.005169840968531173,63216,True,88.59947090251124,76.32925541893934
sports_and_outdoors,NeuMF,0.96,18.840345102822067,18.840345102822067,0.007729982458465314,0.016767906859023032,0.00506986251220306,63216,False,89.88524241309364,75.74561096416201
sports_and_outdoors,NeuMF,0.97,15.850454386073146,15.850454386073146,0.007711082471257121,0.016957732219691216,0.005005313101364734,63216,True,91.49041576030196,75.56041118059308
sports_and_outdoors,NeuMF,0.98,13.808954218235888,13.808954218235888,0.007511750900964619,0.01646735003796507,0.00489971018990571,63216,True,92.58642961772378,73.60717368524577
sports_and_outdoors,NeuMF,0.99,9.329101364211597,9.329101364211597,0.006220759015480924,0.013034674765882055,0.0041699496912575885,63216,True,94.99151431209486,60.95682555817483
sports_and_outdoors,NeuMF,1.0,0.4530426305049353,0.4530426305049353,0.0035250371423234763,0.008178309288787648,0.0021289880902162603,63216,True,99.75677640939786,34.541616808489614
sports_and_outdoors,LightGCN,0.0,309.94039819539364,309.94039819539364,0.010116314405295434,0.018080865603644646,0.007706922197715667,63216,False,0.0,100.0
sports_and_outdoors,LightGCN,0.025,295.8141756237344,295.8141756237344,0.010105964734834574,0.018065046823588966,0.007696960132656792,63216,False,4.557722276253172,99.89769327003674
sports_and_outdoors,LightGCN,0.05,280.9609057613578,280.9609057613578,0.010095124805614352,0.018065046823588966,0.007683150086576434,63216,False,9.350021037195182,99.79054032098894
sports_and_outdoors,LightGCN,0.075,267.30380778964184,267.30380778964184,0.010091002113494887,0.018065046823588966,0.00767844839361544,63216,False,13.756383696349484,99.74978741479904
sports_and_outdoors,LightGCN,0.1,254.53559511626798,254.53559511626798,0.01009764851761802,0.018080865603644646,0.007682823667305444,63216,False,17.875954022681864,99.81548727204799
sports_and_outdoors,LightGCN,0.15,231.69363639458356,231.69363639458356,0.010084659544685345,0.018017590483421917,0.007684279999437555,63216,False,25.245744748473058,99.68709097659598
sports_and_outdoors,LightGCN,0.2,211.4698781707163,211.4698781707163,0.010068553017638992,0.018001771703366237,0.007668122245523536,63216,False,31.7707922549029,99.52787758720271
sports_and_outdoors,LightGCN,0.25,192.90217144425463,192.90217144425463,0.010071245998414744,0.017985952923310556,0.007676345500235021,63216,True,37.76152687180694,99.55449776395741
sports_and_outdoors,LightGCN,0.3,176.5939011033599,176.5939011033599,0.010018212729585085,0.017859402682865098,0.007643609413730902,63216,True,43.02327088318735,99.03026268480745
sports_and_outdoors,LightGCN,0.4,149.04463342081118,149.04463342081118,0.010015430711102958,0.017811946342698053,0.007655712035932233,63216,False,51.9118403768553,99.00276236828238
sports_and_outdoors,LightGCN,0.5,127.35185801537583,127.35185801537583,0.009967096553792876,0.017764490002531004,0.007606090029448041,63216,True,58.910855520328056,98.5249781143175
sports_and_outdoors,LightGCN,0.6,109.99227792362693,109.99227792362693,0.009899739368169895,0.01771703366236396,0.007533348750366594,63216,False,64.51179692481222,97.8591507890248
sports_and_outdoors,LightGCN,0.7,95.70725934953175,95.70725934953175,0.009855440687656961,0.017622120982029865,0.007506287337342766,63216,True,69.12075356849878,97.42125731578768
sports_and_outdoors,LightGCN,0.8,79.29654015802961,79.29654015802961,0.009644892392484408,0.01735320172108327,0.007313863177094005,63216,True,74.41555195136608,95.33998258729228
sports_and_outdoors,LightGCN,0.9,52.01256004729817,52.01256004729817,0.009122317116990658,0.016498987598076435,0.0068868502749956815,63216,False,83.21852835250336,90.17431399933099
sports_and_outdoors,LightGCN,0.91,49.34602865540371,49.34602865540371,0.009078716938144424,0.0165306251581878,0.006822790493063841,63216,True,84.07886518094527,89.74332523109528
sports_and_outdoors,LightGCN,0.92,46.39533816249051,46.39533816249051,0.009006332291301954,0.016419893697798026,0.006764694140121247,63216,True,85.0308838626316,89.02780133630036
sports_and_outdoors,LightGCN,0.93,42.947545023253625,42.947545023253625,0.008852700631908444,0.016103518096684383,0.006659386261464849,63216,True,86.14328907321772,87.5091488583476
sports_and_outdoors,LightGCN,0.94,38.168349814129336,38.168349814129336,0.008738800260397035,0.01600860541635029,0.006546338479709778,63216,True,87.68526141272261,86.38324107268421
sports_and_outdoors,LightGCN,0.95,32.93062095513795,32.93062095513795,0.008557157834127832,0.015676411035180967,0.00641320335820146,63216,True,89.37517627683445,84.58770152150022
sports_and_outdoors,LightGCN,0.96,28.105734753701594,28.105734753701594,0.00830998037751045,0.01524930397367755,0.006221927942694837,63216,True,90.9318904804455,82.14434669172154
sports_and_outdoors,LightGCN,0.97,22.68384366125664,22.68384366125664,0.008047634696813662,0.014743103011895723,0.006032981403140856,63216,True,92.68122394068934,79.55105361890581
sports_and_outdoors,LightGCN,0.98,15.985940186661608,15.985940186661608,0.007690898684346163,0.014015439129334346,0.005790018751531659,63216,True,94.84225345268361,76.02470995089203
sports_and_outdoors,LightGCN,0.99,7.657149924544417,7.657149924544417,0.006753200598561727,0.012196279422930903,0.005102341229666589,63216,True,97.52947664482345,66.75554285883732
sports_and_outdoors,LightGCN,1.0,0.3683883051759049,0.3683883051759049,0.0030811831926549752,0.006643887623386484,0.002028137090067614,63216,True,99.88114221078605,30.457566552519513
